id,name,model_id:id,group_id:id,perm_read,perm_write,perm_create,perm_unlink
access_mail_activity_portal_user,access.mail.activity.portal.user,mail.model_mail_activity,base.group_portal,1,1,1,1
access_hr_employee_portal_user,access.hr.employee.portal.user,hr.model_hr_employee,base.group_portal,1,0,0,0
access_resource_calendar_attendance_portal_user,access.resource.calendar.attendance.portal.user,resource.model_resource_calendar_attendance,base.group_portal,1,0,0,0
access_ir_sequence_portal_user,access.ir.sequence.portal.user,base.model_ir_sequence,base.group_portal,1,0,0,0
access_mail_activity_type,access.mail.activity.type.portal.user,calendar.model_mail_activity_type,,1,0,0,0