<?xml version="1.0" encoding="utf-8"?>
<odoo>
	<data noupdate="0">
		<record id="hr_rule_overtime" model="hr.salary.rule">
			<field name="name">Overtime</field>
			<field name="sequence" eval="160"/>
			<field name="code">OVT</field>
			<field name="category_id" ref="hr_payroll.ALW"/>
			<field name="condition_select">none</field>
			<field name="struct_id">1</field>
			<field name="amount_select">code</field>
			<field name="amount_python_compute">result = payslip.overtime</field>
		</record>

		<!-- <record id="hr_payroll.structure_base" model="hr.payroll.structure">
            <field eval="[(4, ref('hr_rule_overtime'))]"
                   name="rule_ids"/>
        </record> -->

	</data>
</odoo>