<?xml version="1.0" encoding="utf-8"?>
<odoo>
	<data noupdate="0">

		<!-- <record id="hr_rule_loan" model="hr.salary.rule">
			<field name="name">Loan</field>
			<field name="sequence" eval="110"/>
			<field name="code">LO</field>
			<field name="category_id" ref="hr_payroll.DED"/>
			<field name="struct_id">1</field>
			<field name="condition_select">none</field>
			<field name="amount_select">code</field>
			<field name="amount_python_compute">result = payslip.total_amount_paid</field>
		</record> -->

		<!-- <record id="hr_payroll.structure_base" model="hr.payroll.structure">
            <field eval="[(4, ref('hr_rule_loan'))]"
                   name="rule_ids"/>
		</record> -->

	</data>

</odoo>