<odoo>
    <data noupdate="1">

        <!-- End Of Service-->

        <record id="hr_allowance_comp_rule" model="ir.rule">
            <field name="name">hr end of service multi-company</field>
            <field name="model_id" ref="model_hr_end_service"/>
            <field name="global" eval="True"/>
            <field name="domain_force"> ['|',('company_id','=',False),('company_id','child_of',[user.company_id.id])]</field>
            <field name="active" eval="True"/>
        </record>

    </data>
</odoo>

