<?xml version="1.0" encoding="utf-8"?>
<openerp>
	<data noupdate="0">
		<!--<record id="hr_rule_discpline" model="hr.salary.rule">-->
			<!--<field name="name">Discpline</field>-->
			<!--<field name="sequence" eval="119"/>-->
			<!--<field name="code">DIS</field>-->
			<!--<field name="category_id" ref="hr_payroll.DED"/>-->
			<!--<field name="condition_select">none</field>-->
			<!--<field name="amount_select">code</field>-->
			<!--<field name="amount_python_compute">result = payslip.sanction_total</field>-->
		<!--</record>-->

		<!--<record id="hr_payroll.structure_base" model="hr.payroll.structure">-->
            <!--<field eval="[(4, ref('hr_rule_discpline'))]"-->
                   <!--name="rule_ids"/>-->
        <!--</record>-->



	</data>
</openerp>