<odoo>
    <data noupdate="0" >
    <!--  Loan activities -->
        <!-- Request -->
        <record id="mail_eos_request" model="mail.activity.type">
            <field name="name">Request</field>
            <field name="icon">fa-check</field>
            <field name="res_model_id" ref="hr_eos_main.model_hr_end_service"/>
        </record>
        <!-- Reject -->
        <record id="mail_eos_reject" model="mail.activity.type">
            <field name="name">Reject</field>
            <field name="icon">fa-check</field>
            <field name="res_model_id" ref="hr_eos_main.model_hr_end_service"/>
        </record>
        <!-- Approved -->
        <record id="mail_eos_approve" model="mail.activity.type">
            <field name="name">Aprroved</field>
            <field name="icon">fa-check</field>
            <field name="res_model_id" ref="hr_eos_main.model_hr_end_service"/>
        </record>
    </data>
</odoo>