<?xml version="1.0" ?>
<odoo>
    <data noupdate='1'>
		
		<!--
			Sequence Type
		-->
		
		<!--<record id="ir_seq_type_hr_loan" model="ir.sequence.type">-->
			<!--<field name="name">Loan Request</field>-->
			<!--<field name="code">hr.loan.req</field>-->
		<!--</record>-->
		
		<!--
			Sequence
		-->
		
		<record id="ir_seq_hr_loan" model="ir.sequence">
			<field name="name">Loan Request</field>
			<field name="code">hr.loan.req</field>
			<field name="prefix">Loan NO </field>
			<field name="padding">4</field>
			<field name="number_increment">1</field>
			<field name="number_next_actual">1</field>
			<field name="implementation">standard</field>
		</record>
		<record id="ir_seq_hr_salary_advance" model="ir.sequence">
			<field name="name">Advanced Salary</field>
			<field name="code">hr.advance.seq</field>
			<field name="prefix">Salary Advance NO </field>
			<field name="padding">4</field>
			<field name="number_increment">1</field>
			<field name="number_next_actual">1</field>
			<field name="implementation">standard</field>
		</record>
		
	</data>
</odoo>