id,name,model_id:id,group_id:id,perm_read,perm_write,perm_create,perm_unlink
payroll_report_config_user,payroll_report_config.user,model_payslip_report_config,base.group_user,1,0,0,0
payroll_report_config_payroll_officer,payroll_report_config.payroll_officer,model_payslip_report_config,hr_payroll.group_hr_payroll_user,1,1,1,1
wizard_payroll_report_config_payroll_user,wizard_payroll_report_config.payroll_user,model_wizard_payroll_annual_report,hr_payroll.group_hr_payroll_user,1,1,1,1
wizard_payroll_report_config_payroll_manager,wizard_payroll_report_config.payroll_manager,model_wizard_payroll_annual_report,hr_payroll.group_hr_payroll_manager,1,1,1,1
