<odoo>
    <data noupdate="1">

        <!-- Employee Discipline -->

        <record id="hr_employee_discipline_comp_rule" model="ir.rule">
            <field name="name">hr employee discipline multi-company</field>
            <field name="model_id" ref="model_hr_employee_discipline"/>
            <field name="global" eval="True"/>
            <field name="domain_force"> ['|',('company_id','=',False),('company_id','child_of',[user.company_id.id])]</field>
            <field name="active" eval="True"/>
        </record>

    </data>
</odoo>