<odoo>
    <data noupdate="0">


        <!-- My Overtime -->
        <record id="employee_own_overtime_rule" model="ir.rule">
            <field name="name">employee own Overtime Rule</field>
            <field name="model_id" ref="model_hr_over_time"/>
             <field name="groups" eval="[(4, ref('hr_overtime.group_overtime_user'))]"/>
             <field name="domain_force"> ['|',('create_uid','=',user.id),('employee_id','=',user.employee_ids[0].id)]</field>
            <field name="active" eval="True"/>
        </record>


        <!-- Department Manager -->
        <record id="dept_manager_overtime_rule" model="ir.rule">
            <field name="name">Deptarment Manager Overtime Rule</field>
            <field name="model_id" ref="model_hr_over_time"/>
             <field name="groups" eval="[(4, ref('hr_overtime.group_overtime_manager'))]"/>
            <field name="domain_force"> ['|',('employee_id.parent_id','=',user.id),('department_id.manager_id','=',user.id)]</field>
            <field name="active" eval="True"/>
        </record>

        <!-- HR Officer -->
        <record id="hr_officer_overtime_rule" model="ir.rule">
            <field name="name">HR Officer Overtime Rule</field>
            <field name="model_id" ref="model_hr_over_time"/>
             <field name="groups" eval="[(4, ref('hr.group_hr_user'))]"/>
             <field name="domain_force">[(1,'=',1)]</field>
            <field name="active" eval="True"/>
        </record>

        <!-- HR Manager  -->
        <record id="hr_manager_all_overtime_profile_rule" model="ir.rule">
            <field name="name">HR Manager Overtime Rule</field>
            <field name="model_id" ref="model_hr_over_time"/>
             <field name="groups" eval="[(4, ref('hr.group_hr_manager'))]"/>
            <field name="domain_force">[(1,'=',1)]</field>
            <field name="active" eval="True"/>
        </record>

        <!--multicompany-->
         <record id="view_overtime_multicompany" model="ir.rule">
            <field name="name">Overtime Multi Company</field>
            <field name="model_id" ref="model_hr_over_time"/>
            <field name="global" eval="True"/>
            <field name="domain_force">['|',('company_id','=',False),('company_id', 'in', company_ids)]</field>
        </record>

    </data>
</odoo>