id,name,model_id:id,group_id:id,perm_read,perm_write,perm_create,perm_unlink
access_hr_employee_portal_user,access.hr.employee.portal.user,hr.model_hr_employee,base.group_portal,1,0,0,0
access_hr_expense_portal_user,access.hr.expense.portal.user,hr_expense.model_hr_expense,base.group_portal,1,1,1,1
access_hr_expense_sheet_portal_user,access.hr.expense.sheet.portal.user,hr_expense.model_hr_expense_sheet,base.group_portal,1,1,1,1
access_product_portal_user,access.product.portal.user,product.model_product_product,base.group_portal,1,0,0,0
access_product_uom_portal_user,access.product.uom.portal.user,uom.model_uom_uom,base.group_portal,1,0,0,0
access_account_portal_user,access.account.uom.portal.user,account.model_account_account,base.group_portal,1,0,0,0
access_account_journal_portal_user,access.account.journal.uom.portal.user,account.model_account_journal,base.group_portal,1,0,0,0